rank,sequence,length,predicted_activity,max_identity_to_known_amp
1,GLLGSVLGVGKKIVCGLSGLC,21,1.000000,0.7619
2,GLVSGILGAGKKIVCGLSGRC,21,1.000000,0.7857
3,GILSGILGVGKKVLCGLSGKC,21,1.000000,0.7143
4,GLLGTILGVGKKIVCGLSGLC,21,1.000000,0.7143
5,FFPILAGVAAKFLPKIFCAISKKC,24,1.000000,0.7917
6,FLPIVGNLLKGLL,13,1.000000,0.7500
7,GIGTKFLGGVKTAVKGALKELASTYVN,27,1.000000,0.6296
8,FLPFLAGLLTRVL,13,1.000000,0.6154
9,GLLGSILGVGKKIVCGLSGLC,21,1.000000,0.7143
10,GLLSGILGVGKKIVCGLSGLC,21,1.000000,0.7143
11,ILGPVLGLVSGALGGLIKKI,20,1.000000,0.5882
12,FLGGLIKPVPKVICAVTKKC,20,0.997917,0.5714
13,GLMDTVKNVAKTVAGSLLDKLKCKLTGC,28,0.994792,0.3929
14,GIVGTLLGVGKKVLCGVSGLC,21,0.993750,0.7143
15,FLPIVANLLSGLL,13,0.993750,0.6154
16,FLPIVGRLLSGLL,13,0.993750,0.6667
17,GLVSGVLGAGKKIVCGLSGLC,21,0.993750,0.8000
18,GLLSSVLGAGKKIVCGLSGLC,21,0.993750,0.7143
19,KRFKKFFRKIKKSVKKRVKKFFKKPRVIGVTIPF,34,0.993750,0.7059
20,KRFKKFFKKVKKSVKKRVKKFFRKPRVIGVSIPF,34,0.993750,0.8000
21,GFMDTAKNVAKNMAVTLLDKLRCKITGGC,29,0.993750,0.6552
22,KRFKKFFRKIKKSVKKRLKKIFKKPRVIGVTIPF,34,0.993750,0.6522
23,FLPFIAGVAAKVLPKVFCAITKKC,24,0.993229,0.6154
24,FIGPVLKIATGILPTAICKIFKKC,24,0.992188,0.5833
25,GIMDTVKNAAKNMAVTLLDNLKCKITKAC,29,0.992188,0.6897
26,FIGPIIKIATGILPTAICKIFKKC,24,0.992188,0.7500
27,GILGTIVGMGKKIVCGLSGLC,21,0.991667,0.7619
28,FLPIVAKLLRSLL,13,0.991667,0.6923
29,GIGTKFLGGVKTAVKGALKELAFTYVN,27,0.990625,0.6296
30,GVVDILKGAGKDLLAHALSKVSEKV,25,0.990625,0.8000
31,FLGALFKPVPAIVKAITKKC,20,0.990000,0.6364
32,FLPGIIKVASKILPTLFCAISKRC,24,0.989583,0.4167
33,FLGSLFKVASKVLPAVFCAITRKC,24,0.989583,0.7692
34,FFSLIPSLVSGLVSAIK,17,0.988125,0.6154
35,FFSLIPSLVGGLVSAIK,17,0.988125,0.7059
36,KRFKKFFKKVKKSVKKRAKKFFKKPMVIGVTFPF,34,0.987500,0.5217
37,FFHHLFRGIVHVGKTIHRLVTG,22,0.987500,0.7727
38,KWKLFKKIEKVGQNIRHGIIKAGPAVAVVGQAKAL,35,0.987500,0.5000
39,FFPLVTKLLGKLL,13,0.987500,0.6250
40,GIGGVLLSAGKSALKGLAKGLAEHF,25,0.987500,0.8000
41,FLGALWNAVKSVF,13,0.987500,0.5833
42,GIGTKILGGVKTALKGALKEFASTYVN,27,0.987500,0.7407
43,IIGPVLGLVGNALGGLLKKI,20,0.987500,0.8000
44,GLIGSLLGAGKKIVCGLSGLC,21,0.987500,0.7619
45,GIGGALLSTGKSALKGLAKGLAEHF,25,0.987500,0.6400
46,GGLKKLGKKLEGVGKRVFKASEKALPVIGIHKALG,35,0.987500,0.7941
47,FLPVLTNLLGSLL,13,0.987500,0.6667
48,FLPVFGKLLSGLL,13,0.987500,0.6154
49,RWKVFKKIEKVGRNIRDGIIKAGPAVAVVGQAKAL,35,0.987500,0.6286
50,FLGPLLKLIGSIVPTVLCKISKKC,24,0.987500,0.4167
51,VGKVASKVFSKVFPAVKGFS,20,0.986458,0.5455
52,GIGGVLLSAGKSALKGLAKVLAEKYAN,27,0.985417,0.6296
53,FLPAVIRVAANVLPTAVCAISKKC,24,0.984375,0.6818
54,FLPAVIRVAANVLPTAICAISKKC,24,0.984375,0.6818
55,FLPIIAGLAAKFGPKLFCLITKKC,24,0.984375,0.5000
56,FLPAVIRVAANIVPTVFCAISKKC,24,0.984375,0.5652
57,FLSIVGKLLSGLL,13,0.984375,0.7692
58,FLGGIIKTVGKLL,13,0.984375,0.5000
59,SWLSKTAKKLENSAKKRISEGVAIAIKGGPR,31,0.984375,0.7241
60,GIGGALLSVGKSALKGVAKGLAEHF,25,0.983750,0.6400
61,GIGGALLSVGKSALKGLARGLAEHF,25,0.983750,0.7200
62,FLPLLFRGISKLL,13,0.982292,0.5556
63,GLWDTIKNAGKGFILNILDKIKCKIAGGCKT,31,0.982292,0.5484
64,FIGPVLKIATGILPTLICKIFKKC,24,0.982292,0.4167
65,FLPGVFKLASKILPTLFCAISKKC,24,0.981250,0.4706
66,GIGTKFLGGVKTALKGALKEFASTYVN,27,0.981250,0.7407
67,FLPLIGRLLGKLL,13,0.981250,0.5833
68,GILGTVLGMGKKVPCAVSGLC,21,0.981250,0.4167
69,GFMDTAKNVAKNVAVTLLDKLRCKLTKAC,29,0.981250,0.7241
70,FLSTVLKVLSSLF,13,0.980655,0.6250
71,FLPAILPILGGLLGKLF,17,0.979688,0.5556
72,LLGMIPVAISAISSLSKL,18,0.979688,0.7647
73,GFWDSVKNVGKEAAVTVLDTLKCKVTGGC,29,0.979583,0.3793
74,FLPIIAGLAAKVLPKIFCSITKKC,24,0.978958,0.5000
75,FLPFLGSLLGKLL,13,0.978438,0.6154
76,GFLDTVKQFGKNAAVTLLDKLRCKITGGC,29,0.978125,0.3793
77,FLGALWNALKSLF,13,0.978125,0.5833
78,FLPAIIGGLSSLLPKIF,17,0.978125,0.5556
79,FLGPLLKIVAGVLPSLICKITKKC,24,0.978125,0.5385
80,FFPLVAGLAAKFLPKIFCSITKKC,24,0.977917,0.7083
81,FLSAITSILGRIL,13,0.977604,0.7692
82,GLISGTLGAGKKIVCGLSGLC,21,0.977500,0.7143
83,FLPLIAKILTKIL,13,0.977344,0.5000
84,RWKVFKKIERVGRNVRDGIIKAGPAIAVLGSAKSL,35,0.977083,0.5455
85,FLPFLASLLGKLL,13,0.976875,0.7500
86,RWCVYAYGRVRGLLVRYRRCW,21,0.976771,0.5714
87,FFHHFFRGIVHVGKTIHKLVTG,22,0.976042,0.7727
88,FLPMIAGIAAKLVPKLFCAITKKC,24,0.976042,0.6154
89,FALGAVTKLLPSLFCLITRKC,21,0.976042,0.6190
90,GIMDTVKNAAKNVAGQLLDTIKCKITGC,28,0.976042,0.5455
91,FLGPILKIATGILPTAICKIFKKC,24,0.975938,0.5833
92,GIGGALLSVGKSALKGLAKVLAEKYAN,27,0.975000,0.7600
93,GFGSLFKRAAHVAKKVGKAALTHYL,25,0.975000,0.5263
94,FLPVIGKLLGKLL,13,0.975000,0.6154
95,FIGPVLKILRTAFPTLICKGLKKC,24,0.975000,0.4167
96,RWCVYAYVRRNGVLVRYRRCW,21,0.975000,0.5263
97,FLGALWRVASKVF,13,0.975000,0.6923
98,SLWETIKNAGKGFILNILDKIRCRVAGGCKT,31,0.975000,0.7419
99,SLWETIKNAGKGFILNILDKLRCKVAGGCKT,31,0.975000,0.6667
100,GVLDVVKGAAKDIAGHLASKVMNKL,25,0.975000,0.7600
